,interaction,type,Model,Target,Accuracy,1.0_Precision,1.0_Recall,1.0_F1-Score,2.0_Precision,2.0_Recall,2.0_F1-Score,3.0_Precision,3.0_Recall,3.0_F1-Score,4.0_Precision,4.0_Recall,4.0_F1-Score,macro avg_Precision,macro avg_Recall,macro avg_F1-Score,weighted avg_Precision,weighted avg_Recall,weighted avg_F1-Score
0,PolygenicScoreEXT_x_Age,train_metrics,logistic_regression,AST,0.45426829268292684,0.4787152388262384,0.6258104353195431,0.5424681363529924,0.35778216019417475,0.3640784192652053,0.36090283091048203,0.3845635775862069,0.22036122259956778,0.2801766437684004,0.5505987814272708,0.6068230935473912,0.577345327703323,0.4429149395084727,0.4542682926829268,0.4402232346837994,0.44291493950847266,0.45426829268292684,0.4402232346837994
1,PolygenicScoreEXT_x_Age,test_metrics,logistic_regression,AST,0.5381056732408084,0.08695652173913043,0.6052631578947368,0.15206611570247933,0.16565656565656567,0.3241106719367589,0.21925133689839574,0.14349775784753363,0.22377622377622378,0.17486338797814208,0.903828197945845,0.59771534424205,0.719568853372979,0.3249847607972687,0.43771634946244237,0.3164374234879991,0.7448187995532951,0.5381056732408084,0.6094941919407851
2,PolygenicScoreEXT_x_DelinquentPeer,train_metrics,logistic_regression,AST,0.45353504167953074,0.4769627071014578,0.6288206236492745,0.5424642940373539,0.3560448049439938,0.35574251312133376,0.35589359484189803,0.3851279317697228,0.22306267366471133,0.28250244379276634,0.5497411501329229,0.6065143562828034,0.5767339449541286,0.4419691484870244,0.45353504167953074,0.43939856940653665,0.4419691484870244,0.45353504167953074,0.4393985694065367
3,PolygenicScoreEXT_x_DelinquentPeer,test_metrics,logistic_regression,AST,0.5366447528609691,0.08775137111517367,0.631578947368421,0.15409309791332265,0.16666666666666666,0.3201581027667984,0.21921515561569688,0.14505494505494507,0.23076923076923078,0.17813765182186236,0.9038912330051571,0.5952454461253474,0.7177959791511542,0.3258410539604856,0.4444379317574494,0.31731047112550903,0.7451161079930617,0.5366447528609691,0.608357070629315
4,PolygenicScoreEXT_x_SchoolConnect,train_metrics,logistic_regression,AST,0.45330348873108983,0.4790245060226666,0.6231089842543995,0.5416484954208461,0.35660377358490564,0.364695893794381,0.36060444173090134,0.38272434175174636,0.21989811670268603,0.27931372549019606,0.5494851859634377,0.6055109601728929,0.5761392428303896,0.4419594518306891,0.45330348873108983,0.4394264763680833,0.44195945183068913,0.45330348873108983,0.4394264763680833
5,PolygenicScoreEXT_x_SchoolConnect,test_metrics,logistic_regression,AST,0.5346968590211834,0.08239700374531835,0.5789473684210527,0.1442622950819672,0.16295546558704455,0.3181818181818182,0.21552878179384205,0.1367713004484305,0.21328671328671328,0.16666666666666666,0.9022907900888265,0.595862920654523,0.7177389364075865,0.321103639967405,0.42656970513602677,0.3110491699875156,0.7427207448009858,0.5346968590211834,0.6068771803517781
6,PolygenicScoreEXT_x_NeighborConnect,train_metrics,logistic_regression,AST,0.45457702994751464,0.4816785223264989,0.6219512195121951,0.542900454775139,0.35904575556893437,0.3682463723371411,0.3635878677030941,0.38070059484467944,0.22229083050324175,0.2806880756298426,0.551116416233675,0.6058196974374807,0.577174792264137,0.4431353222434469,0.4545770299475147,0.4410877975930532,0.4431353222434469,0.45457702994751464,0.44108779759305317
7,PolygenicScoreEXT_x_NeighborConnect,test_metrics,logistic_regression,AST,0.5381056732408084,0.08604206500956023,0.5921052631578947,0.15025041736227043,0.16683518705763398,0.32608695652173914,0.22073578595317725,0.1415929203539823,0.22377622377622378,0.17344173441734417,0.9034064395706953,0.59771534424205,0.7194351542177629,0.32446915299796797,0.4349209469244769,0.3159657729876387,0.7444818199616777,0.5381056732408084,0.6094390406541356
8,PolygenicScoreEXT_x_ParentalWarmth,train_metrics,logistic_regression,AST,0.45571549861068233,0.4834314950324231,0.6271997530101884,0.5460104149168487,0.3570503542317361,0.3617628897807965,0.3593911743281064,0.3857010948423691,0.22568694041370793,0.28475434581487075,0.55077933878521,0.6082124112380364,0.5780728459817335,0.4442405707229346,0.4557154986106823,0.44205719526038983,0.44424057072293455,0.45571549861068233,0.4420571952603898
9,PolygenicScoreEXT_x_ParentalWarmth,test_metrics,logistic_regression,AST,0.5368882395909423,0.08458646616541353,0.5921052631578947,0.14802631578947367,0.16309887869520898,0.31620553359683795,0.21519838601210492,0.1447661469933185,0.22727272727272727,0.17687074829931973,0.9020979020979021,0.5974066069774622,0.7187964338781575,0.3236373484879608,0.4332475327512305,0.314722970994764,0.743183546867188,0.5368882395909423,0.6084507101697304
10,PolygenicScoreEXT_x_Is_Male,train_metrics,logistic_regression,AST,0.45359292991664096,0.4807900758761893,0.6162395801173202,0.5401528989919491,0.35639745916515425,0.3637696820006175,0.36004583651642474,0.3806634826384407,0.2276165483173819,0.2848862483698015,0.5517652839194216,0.6067459092312442,0.5779509612910341,0.4424040753998015,0.45359292991664096,0.4407589862923023,0.4424040753998015,0.45359292991664096,0.4407589862923023
11,PolygenicScoreEXT_x_Is_Male,test_metrics,logistic_regression,AST,0.537618699780862,0.08461538461538462,0.5789473684210527,0.1476510067114094,0.16480162767039674,0.3201581027667984,0.2175957018132975,0.14502164502164502,0.23426573426573427,0.17914438502673796,0.9033613445378151,0.5974066069774622,0.7191971752462367,0.3244500004613104,0.43269445310776183,0.3158970671994204,0.7444080784675343,0.537618699780862,0.6092135004547854
12,PolygenicScoreEXT_x_Race_1.0,train_metrics,logistic_regression,AST,0.4549050632911392,0.47955918947742626,0.6247298548934856,0.5426023999463699,0.3600516638808692,0.3657764742204384,0.3628914924573091,0.384051206827577,0.22229083050324175,0.2815937423612809,0.5503675183759188,0.6068230935473912,0.5772181637972175,0.44350739464044775,0.4549050632911392,0.4410764496405444,0.44350739464044775,0.4549050632911392,0.4410764496405443
13,PolygenicScoreEXT_x_Race_1.0,test_metrics,logistic_regression,AST,0.5417579741904066,0.0888468809073724,0.618421052631579,0.15537190082644628,0.17192268565615462,0.3339920948616601,0.22699798522498324,0.14606741573033707,0.22727272727272727,0.17783857729138167,0.9041860465116279,0.6001852423587527,0.7214696604193728,0.327755757201373,0.4449677792811798,0.320419530940546,0.7460869557927962,0.5417579741904066,0.6122160477697431
14,PolygenicScoreEXT_x_Race_2.0,train_metrics,logistic_regression,AST,0.45442266131522074,0.4820921664552757,0.6160852114850263,0.5409141734151053,0.3584050747621205,0.3663167644334671,0.36231773417818147,0.3840373153666753,0.2287743130595863,0.28673696430298923,0.5492416299713427,0.6065143562828034,0.5764589370208708,0.44344404663885356,0.4544226613152208,0.4416069522292867,0.44344404663885356,0.45442266131522074,0.4416069522292867
15,PolygenicScoreEXT_x_Race_2.0,test_metrics,logistic_regression,AST,0.5383491599707816,0.08365758754863813,0.5657894736842105,0.14576271186440676,0.1696969696969697,0.33201581027667987,0.2245989304812834,0.14623655913978495,0.23776223776223776,0.1810918774966711,0.9036482694106641,0.5964803951836987,0.7186163288078854,0.32580984644901423,0.43301197922670664,0.31751746216256166,0.7453043690906946,0.5383491599707816,0.609718916702706
16,PolygenicScoreEXT_x_Race_3.0,train_metrics,logistic_regression,AST,0.45394025933930227,0.4813126162337273,0.6192497684470516,0.5416371308016878,0.35637699632601033,0.3668570546464958,0.3615410945879131,0.3836327345309381,0.22252238345168263,0.28166674808265346,0.5499545549884639,0.607131830811979,0.5771304890128032,0.4428192255197849,0.45394025933930227,0.44049386562126436,0.4428192255197849,0.45394025933930227,0.4404938656212644
17,PolygenicScoreEXT_x_Race_3.0,test_metrics,logistic_regression,AST,0.5385926467007548,0.08560311284046693,0.5789473684210527,0.14915254237288136,0.16582406471183014,0.3241106719367589,0.2193979933110368,0.14410480349344978,0.23076923076923078,0.17741935483870966,0.9030754892823858,0.5983328187712257,0.7197771587743732,0.3246518675820331,0.43304002247456697,0.3164367623242502,0.7442630379607587,0.5385926467007548,0.6098006161650328
18,PolygenicScoreEXT_x_Race_4.0,train_metrics,logistic_regression,AST,0.45567690645260883,0.48357816792069747,0.6250385921580734,0.5452831459160999,0.35928098676293624,0.36870947823402284,0.3639341764436996,0.384717962394986,0.22267675208397653,0.2820826203862136,0.5499544913533572,0.6062828033343625,0.5767465765997284,0.44438290210799425,0.45567690645260883,0.4420116298364354,0.44438290210799425,0.45567690645260883,0.4420116298364354
19,PolygenicScoreEXT_x_Race_4.0,test_metrics,logistic_regression,AST,0.5378621865108352,0.08761904761904762,0.6052631578947368,0.15307820299500835,0.1678391959798995,0.3300395256916996,0.22251832111925382,0.14666666666666667,0.23076923076923078,0.1793478260869565,0.9031352363125877,0.595862920654523,0.7180059523809523,0.32631503664455036,0.44048370875254755,0.3182375756455428,0.7447741363204322,0.5378621865108352,0.6089951234323684
20,PolygenicScoreEXT_x_Race_5.0,train_metrics,logistic_regression,AST,0.4523772769373263,0.4796875,0.6160852114850263,0.5393972158399784,0.35519084544154184,0.3641556035813523,0.35961736346659556,0.3803317535545024,0.22298548934856438,0.28114052160373687,0.5491087032506117,0.6062828033343625,0.5762811342210483,0.44107970056166396,0.4523772769373263,0.4391090587828398,0.44107970056166396,0.4523772769373263,0.43910905878283985
21,PolygenicScoreEXT_x_Race_5.0,test_metrics,logistic_regression,AST,0.538836133430728,0.08785046728971962,0.618421052631579,0.15384615384615385,0.1668372569089048,0.3221343873517787,0.2198246797033041,0.14666666666666667,0.23076923076923078,0.1793478260869565,0.9030303030303031,0.5980240815066379,0.7195393759286776,0.3260961734738985,0.4423371880648066,0.318139508891273,0.7445722195499739,0.538836133430728,0.6098868060667241
22,PolygenicScoreEXT_x_Race_nan,train_metrics,logistic_regression,AST,0.4539788514973757,0.4810619681169843,0.6195585057116394,0.5415963835098847,0.35614797064549947,0.3670886075949367,0.36153553781832004,0.3848310855922019,0.22244519913553565,0.28192712154561017,0.549982511367611,0.6068230935473912,0.5770063483908847,0.44300588393057416,0.4539788514973757,0.44051634781617494,0.44300588393057416,0.4539788514973757,0.4405163478161749
23,PolygenicScoreEXT_x_Race_nan,test_metrics,logistic_regression,AST,0.538836133430728,0.08704061895551257,0.5921052631578947,0.15177065767284992,0.16581892166836215,0.3221343873517787,0.21893888515782403,0.14533622559652928,0.23426573426573427,0.17938420348058903,0.9030754892823858,0.5983328187712257,0.7197771587743732,0.32531781387569747,0.4367095508866583,0.31746772627140907,0.7443747581473252,0.538836133430728,0.6099293268416457
24,Age_x_DelinquentPeer,train_metrics,logistic_regression,AST,0.4492513121333745,0.47349991097394506,0.6157764742204384,0.5353464183861768,0.35085731550721355,0.3585211485026243,0.3546478335560222,0.37813547954393023,0.21758258721827725,0.2762236049189163,0.5489811637840487,0.605125038592158,0.5756874839372911,0.4378684674522844,0.4492513121333745,0.4354763351996016,0.43786846745228436,0.4492513121333745,0.4354763351996016
25,Age_x_DelinquentPeer,test_metrics,logistic_regression,AST,0.5368882395909423,0.08364312267657993,0.5921052631578947,0.1465798045602606,0.1651186790505676,0.31620553359683795,0.21694915254237288,0.14065934065934066,0.22377622377622378,0.17273954116059378,0.9025641025641026,0.59771534424205,0.7191679049034175,0.3229963112376477,0.4324505911932516,0.3138591007916612,0.7434966224876326,0.5368882395909423,0.6086449206445386
26,Age_x_SchoolConnect,train_metrics,logistic_regression,AST,0.45498224760728617,0.4808015358771298,0.6185551096017289,0.5410477990818255,0.3580033127541033,0.3670114232787898,0.36245140635719186,0.38631896212816147,0.22753936400123495,0.2863943265167339,0.551990451449835,0.6068230935473912,0.5781094893194603,0.44427856555230744,0.4549822476072862,0.4420007553188029,0.4442785655523074,0.45498224760728617,0.4420007553188029
27,Age_x_SchoolConnect,test_metrics,logistic_regression,AST,0.5378621865108352,0.0872093023255814,0.5921052631578947,0.15202702702702703,0.16532258064516128,0.3241106719367589,0.21895861148197598,0.14285714285714285,0.22727272727272727,0.17543859649122806,0.902518656716418,0.5974066069774622,0.7189299647036967,0.32447692063607586,0.43522381733621074,0.316338549925982,0.7437049439359182,0.5378621865108352,0.6089935976955683
28,Age_x_NeighborConnect,train_metrics,logistic_regression,AST,0.45569620253164556,0.48287835249042144,0.6225686940413708,0.5438975050573163,0.3570520965692503,0.36870947823402284,0.36278716536928046,0.3890297611103697,0.2249922815683853,0.2850995158687466,0.5515160022459292,0.6065143562828034,0.5777091604175856,0.4451190531039927,0.45569620253164556,0.4423733366782322,0.44511905310399263,0.45569620253164556,0.4423733366782322
29,Age_x_NeighborConnect,test_metrics,logistic_regression,AST,0.5393231068906744,0.08494208494208494,0.5789473684210527,0.14814814814814814,0.16481294236602628,0.3221343873517787,0.2180602006688963,0.1447661469933185,0.22727272727272727,0.17687074829931973,0.903300790330079,0.5998765050941649,0.7209647495361781,0.3244554911578772,0.43205774703493083,0.3160109616631356,0.7443499696157835,0.5393231068906744,0.610515602278794
30,Age_x_ParentalWarmth,train_metrics,logistic_regression,AST,0.4563908613769682,0.4837841072283389,0.624035196048163,0.5450316839692598,0.35994020926756354,0.37171966656375427,0.3657351154313488,0.38632113278119157,0.22321704229700526,0.28294687408277075,0.5516636248771585,0.6065915405989503,0.5778251599147121,0.4454272685385631,0.45639086137696816,0.44288470834952287,0.44542726853856307,0.4563908613769682,0.4428847083495228
31,Age_x_ParentalWarmth,test_metrics,logistic_regression,AST,0.5366447528609691,0.08445297504798464,0.5789473684210527,0.1474036850921273,0.16549648946840523,0.32608695652173914,0.219560878243513,0.1434878587196468,0.22727272727272727,0.1759133964817321,0.903558052434457,0.595862920654523,0.718139534883721,0.32424884391762343,0.4320424932175105,0.3152543736752733,0.7445390088151169,0.5366447528609691,0.6083919331240241
32,Age_x_Is_Male,train_metrics,logistic_regression,AST,0.4540174436554492,0.48028244868649395,0.6194813213954924,0.5410725722182896,0.3564423657211829,0.364695893794381,0.36052189836716014,0.39003367003367,0.22352577956159309,0.2841862519012806,0.5461474501108647,0.6083667798703304,0.5755805462246238,0.4432264836380529,0.45401744365544916,0.4403403171778385,0.44322648363805284,0.4540174436554492,0.44034031717783856
33,Age_x_Is_Male,test_metrics,logistic_regression,AST,0.5373752130508888,0.08571428571428572,0.5921052631578947,0.1497504159733777,0.16349047141424272,0.3221343873517787,0.21689953426480374,0.1431818181818182,0.2202797202797203,0.17355371900826447,0.9025641025641026,0.59771534424205,0.7191679049034175,0.32373766946861227,0.4330586787578609,0.31484289353746586,0.7435100054674996,0.5373752130508888,0.6087541766667885
34,Age_x_Race_1.0,train_metrics,logistic_regression,AST,0.453438561284347,0.48026827953769685,0.6190182154986107,0.5408868656213117,0.35541487678046574,0.36400123494905834,0.35965681601525257,0.3842292959978867,0.22452917567150354,0.2834315779217616,0.5498074903745187,0.6062056190182155,0.5766308138467751,0.442429985672642,0.453438561284347,0.44015151835127525,0.44242998567264197,0.453438561284347,0.44015151835127525
35,Age_x_Race_1.0,test_metrics,logistic_regression,AST,0.5390796201607012,0.0838095238095238,0.5789473684210527,0.14642262895174707,0.16463414634146342,0.3201581027667984,0.2174496644295302,0.14573991031390135,0.22727272727272727,0.17759562841530055,0.9028810408921933,0.5998765050941649,0.7208310146540531,0.3242661553392705,0.4315636758886858,0.3155747341126577,0.7440437564299718,0.5390796201607012,0.6103534590194617
36,Age_x_Race_2.0,train_metrics,logistic_regression,AST,0.457220592775548,0.4873326094824466,0.6235720901512812,0.5470982596329653,0.3560532050800331,0.36569928990429146,0.3608117884476259,0.3968937614199948,0.23471750540290212,0.29498496459404405,0.5489248441549345,0.6048934856437171,0.5755517203392941,0.4473011050343523,0.457220592775548,0.4446116832534824,0.4473011050343522,0.457220592775548,0.4446116832534823
37,Age_x_Race_2.0,test_metrics,logistic_regression,AST,0.5364012661309958,0.08061420345489444,0.5526315789473685,0.1407035175879397,0.16446700507614212,0.3201581027667984,0.21730382293762573,0.13245033112582782,0.2097902097902098,0.16238159675236807,0.9027001862197392,0.5986415560358135,0.7198811954705774,0.3200579314691509,0.4203053618850475,0.31006753318712776,0.7428959537128859,0.5364012661309958,0.6084211177364255
38,Age_x_Race_3.0,train_metrics,logistic_regression,AST,0.45299475146650203,0.48151487826871053,0.6182463723371411,0.5413808252509209,0.3556269615901958,0.36732016054337757,0.3613789961272686,0.3797737857618097,0.2202840382834208,0.27883347174051093,0.5494682339770501,0.6061284347020686,0.5764092777451555,0.44159596489944153,0.45299475146650203,0.439500642715964,0.4415959648994415,0.45299475146650203,0.439500642715964
39,Age_x_Race_3.0,test_metrics,logistic_regression,AST,0.5400535670805942,0.08653846153846154,0.5921052631578947,0.15100671140939595,0.16717325227963525,0.32608695652173914,0.22103148024112523,0.14222222222222222,0.22377622377622378,0.17391304347826086,0.9041860465116279,0.6001852423587527,0.7214696604193728,0.32502999563798673,0.4355384214536526,0.3168552238870387,0.7451913194392834,0.5400535670805942,0.6111268077921242
40,Age_x_Race_4.0,train_metrics,logistic_regression,AST,0.4537665946279716,0.4804844415132802,0.6185551096017289,0.540846971486418,0.3564877462035784,0.36600802716887926,0.36118516261710715,0.3835309617918314,0.22468354430379747,0.2833641584736688,0.5506910825791062,0.6058196974374807,0.5769414531956337,0.442798558021949,0.45376659462797153,0.4405844364432069,0.442798558021949,0.4537665946279716,0.4405844364432069
41,Age_x_Race_4.0,test_metrics,logistic_regression,AST,0.5383491599707816,0.08812260536398467,0.6052631578947368,0.15384615384615385,0.16683518705763398,0.32608695652173914,0.22073578595317725,0.15536105032822758,0.24825174825174826,0.1911170928667564,0.9018232819074333,0.5955541833899352,0.717367050948308,0.3280355311643199,0.44378901151453987,0.32076652090359886,0.7442305315682677,0.5383491599707816,0.6091054253630576
42,Age_x_Race_5.0,train_metrics,logistic_regression,AST,0.45442266131522074,0.4817219817219817,0.618400740969435,0.5415709071245098,0.35577647236029525,0.36461870947823405,0.36014332545551575,0.3874441817704229,0.22769373263352888,0.2868254739912494,0.5499300699300699,0.6069774621796851,0.577047255650132,0.44371817644569245,0.45442266131522074,0.4413967405553518,0.4437181764456925,0.45442266131522074,0.4413967405553518
43,Age_x_Race_5.0,test_metrics,logistic_regression,AST,0.5385926467007548,0.0872093023255814,0.5921052631578947,0.15202702702702703,0.16700404858299595,0.32608695652173914,0.22088353413654618,0.14410480349344978,0.23076923076923078,0.17741935483870966,0.9025641025641026,0.59771534424205,0.7191679049034175,0.32522056424153245,0.43666919867272863,0.3173744552264251,0.744034832618455,0.5385926467007548,0.609556343265933
44,Age_x_Race_nan,train_metrics,logistic_regression,AST,0.45465421426366165,0.4817321514135122,0.6207934547699907,0.5424929178470255,0.3559499737886617,0.3668570546464958,0.36132122087498575,0.3853723404255319,0.223680148193887,0.2830630982613792,0.5519466853735532,0.607286199444273,0.5782955422439455,0.4437502877503148,0.4546542142636616,0.441293194806834,0.4437502877503147,0.45465421426366165,0.441293194806834
45,Age_x_Race_nan,test_metrics,logistic_regression,AST,0.538836133430728,0.08687258687258688,0.5921052631578947,0.15151515151515152,0.1659877800407332,0.3221343873517787,0.21908602150537632,0.14533622559652928,0.23426573426573427,0.17938420348058903,0.9030754892823858,0.5983328187712257,0.7197771587743732,0.3253180204480588,0.4367095508866583,0.31744063381887255,0.744392452790159,0.538836133430728,0.6099427265309266
46,DelinquentPeer_x_SchoolConnect,train_metrics,logistic_regression,AST,0.4500038592158073,0.47615857743133794,0.6035041679530719,0.5323212036627294,0.3559205500381971,0.3596017289286817,0.3577516701220917,0.3708462013588635,0.23170731707317074,0.2852121039380552,0.5514840343226896,0.605202222908305,0.5770957532935894,0.43860234078777205,0.4500038592158073,0.43809518275411646,0.438602340787772,0.4500038592158073,0.43809518275411646
47,DelinquentPeer_x_SchoolConnect,test_metrics,logistic_regression,AST,0.5361577794010226,0.08897485493230174,0.6052631578947368,0.15514333895446883,0.16752312435765673,0.3221343873517787,0.22041920216362407,0.13786008230452676,0.23426573426573427,0.17357512953367876,0.9038010323791648,0.5946279715961716,0.7173184357541901,0.3245397734934125,0.4390728127771053,0.3166140266014904,0.7446721006367272,0.5361577794010226,0.6078305114462593
48,DelinquentPeer_x_NeighborConnect,train_metrics,logistic_regression,AST,0.4512388082741587,0.476822776481847,0.6153133683235567,0.5372872788542544,0.35286154771753026,0.3621488113615313,0.35744486344417786,0.3780710925248301,0.2232942266131522,0.28076475155279507,0.5529810680983329,0.6041988267983945,0.577456476836825,0.44018412120563505,0.45123880827415863,0.4382383426720131,0.4401841212056351,0.4512388082741587,0.4382383426720131
49,DelinquentPeer_x_NeighborConnect,test_metrics,logistic_regression,AST,0.5356708059410762,0.08582089552238806,0.6052631578947368,0.1503267973856209,0.16531440162271804,0.3221343873517787,0.21849865951742628,0.14692982456140352,0.23426573426573427,0.18059299191374664,0.9037106622827619,0.5940104970669959,0.7168405365126677,0.32544394599731785,0.4389184441448114,0.31656474633236537,0.7449019333428838,0.5356708059410762,0.6076165697026994
50,DelinquentPeer_x_ParentalWarmth,train_metrics,logistic_regression,AST,0.45280179067613463,0.4800479328939485,0.618400740969435,0.5405113674694731,0.355779427359491,0.3625347329422661,0.3591253153910849,0.38021778584392013,0.22638159925903056,0.28379293662312527,0.5502883668589112,0.6038900895338067,0.5758445572974167,0.4415833782390677,0.4528017906761346,0.439818544195275,0.44158337823906774,0.45280179067613463,0.439818544195275
51,DelinquentPeer_x_ParentalWarmth,test_metrics,logistic_regression,AST,0.5349403457511566,0.08082706766917293,0.5657894736842105,0.14144736842105263,0.16700819672131148,0.3221343873517787,0.21997300944669365,0.139186295503212,0.22727272727272727,0.17264276228419656,0.9033771106941839,0.5946279715961716,0.7171848817724819,0.32259966764697007,0.427456139976222,0.3128120054811062,0.7442159110631169,0.5349403457511566,0.6073518395067874
52,DelinquentPeer_x_Is_Male,train_metrics,logistic_regression,AST,0.45349644952145723,0.4789391575663027,0.6160852114850263,0.5389237728715144,0.35642548200278573,0.37527014510651435,0.36560514343722983,0.3864353312302839,0.22692188947205927,0.28593658821240997,0.5548925156373571,0.595708552022229,0.574576586636888,0.4441731216091823,0.4534964495214572,0.44126052278951056,0.4441731216091824,0.45349644952145723,0.44126052278951056
53,DelinquentPeer_x_Is_Male,test_metrics,logistic_regression,AST,0.5286096907718529,0.08458646616541353,0.5921052631578947,0.14802631578947367,0.1629268292682927,0.3300395256916996,0.21815806662312215,0.1390728476821192,0.2202797202797203,0.17050067658998647,0.9041487839771102,0.5853658536585366,0.7106446776611693,0.3226837317732339,0.43194759069696276,0.31183243416593787,0.7443833194003587,0.5286096907718529,0.6019428502947561
54,DelinquentPeer_x_Race_1.0,train_metrics,logistic_regression,AST,0.4500424513738808,0.47034177290955886,0.6065143562828034,0.5298182921484678,0.35481184220489137,0.36168570546464957,0.3582158009402591,0.38078902229845624,0.2227539364001235,0.2810810810810811,0.5507640778731422,0.6092158073479469,0.5785172426430167,0.4391766788215122,0.45004245137388077,0.4369081042032062,0.4391766788215122,0.4500424513738808,0.4369081042032062
55,DelinquentPeer_x_Race_1.0,test_metrics,logistic_regression,AST,0.5439493547601656,0.08695652173913043,0.6052631578947368,0.15206611570247933,0.17280163599182005,0.3339920948616601,0.22776280323450138,0.1480637813211845,0.22727272727272727,0.1793103448275862,0.9042110134197131,0.603272615004631,0.7237037037037035,0.328008238117962,0.4424501487584388,0.3207107418670676,0.7463189767198307,0.5439493547601656,0.6141134789741981
56,DelinquentPeer_x_Race_2.0,train_metrics,logistic_regression,AST,0.4512002161160852,0.47591487309338637,0.6092929916640939,0.5344074738516738,0.3570237914835581,0.36369249768447054,0.36032729219239884,0.3764886669227814,0.22692188947205927,0.2831687936431495,0.5507378777231202,0.6048934856437171,0.5765467520047083,0.44004130230571153,0.45120021611608524,0.4386125779229826,0.44004130230571153,0.4512002161160852,0.43861257792298264
57,DelinquentPeer_x_Race_2.0,test_metrics,logistic_regression,AST,0.5400535670805942,0.08901515151515152,0.618421052631579,0.1556291390728477,0.167853509664293,0.32608695652173914,0.2216252518468771,0.15198237885462554,0.24125874125874125,0.1864864864864865,0.9042950513538749,0.5980240815066379,0.7199405314997213,0.32828652284698623,0.4459477079796743,0.32092035222648313,0.7460865982695173,0.5400535670805942,0.6109551275059139
58,DelinquentPeer_x_Race_3.0,train_metrics,logistic_regression,AST,0.4546735103426984,0.48139507059105047,0.6211021920345786,0.5423968724723645,0.3581060833083608,0.36894103118246374,0.3634428223844282,0.38267339888386925,0.22229083050324175,0.28122253686163456,0.5519179429534916,0.6063599876505095,0.5778595071717544,0.443523123934193,0.45467351034269843,0.4412304347225454,0.443523123934193,0.4546735103426984,0.44123043472254536
59,DelinquentPeer_x_Race_3.0,test_metrics,logistic_regression,AST,0.5385926467007548,0.08637236084452975,0.5921052631578947,0.15075376884422112,0.1659919028340081,0.3241106719367589,0.21954484605087016,0.1434878587196468,0.22727272727272727,0.1759133964817321,0.9034965034965035,0.5983328187712257,0.7199108469539375,0.32483715647367206,0.43545537028465164,0.3165307145826902,0.744587023296125,0.5385926467007548,0.6098489026568006
60,DelinquentPeer_x_Race_4.0,train_metrics,logistic_regression,AST,0.45476999073788205,0.48234941564279293,0.6211793763507255,0.5430316116190412,0.35655830017268564,0.366548317381908,0.3614843006660324,0.3873024306016735,0.22506946588453225,0.284696119111545,0.5496466307466238,0.6062828033343625,0.576577237861049,0.4439641942909439,0.45476999073788205,0.4414473173144169,0.443964194290944,0.45476999073788205,0.4414473173144169
61,DelinquentPeer_x_Race_4.0,test_metrics,logistic_regression,AST,0.5378621865108352,0.08285163776493257,0.5657894736842105,0.14453781512605043,0.16565656565656567,0.3241106719367589,0.21925133689839574,0.15098468271334792,0.24125874125874125,0.18573351278600267,0.9028491359177955,0.5967891324482865,0.7185873605947956,0.3255855055131604,0.43198700483199926,0.3170275063513111,0.7444920665171937,0.5378621865108352,0.6093377881771385
62,DelinquentPeer_x_Race_5.0,train_metrics,logistic_regression,AST,0.45438406915714724,0.48237054774019755,0.6219512195121951,0.5433397390512795,0.35624292719728406,0.3644643408459401,0.36030674144443176,0.38286920944965025,0.2239117011423279,0.28256952223250376,0.5506404423601876,0.607209015128126,0.5775428550453328,0.44303078168682986,0.4543840691571473,0.4409397144433869,0.44303078168682986,0.45438406915714724,0.4409397144433869
63,DelinquentPeer_x_Race_5.0,test_metrics,logistic_regression,AST,0.538836133430728,0.08221797323135756,0.5657894736842105,0.14357262103505844,0.1663265306122449,0.3221343873517787,0.2193808882907133,0.14285714285714285,0.22727272727272727,0.17543859649122806,0.9036761284318288,0.599567767829577,0.7208611729769858,0.32376944378314354,0.42869108903457337,0.3148133196984964,0.744649114512592,0.538836133430728,0.6104122294966432
64,DelinquentPeer_x_Race_nan,train_metrics,logistic_regression,AST,0.4550401358443964,0.4829613630909527,0.6213337449830194,0.5434782608695653,0.35634076957628386,0.3673973448595245,0.361784601352892,0.38658358743205623,0.22506946588453225,0.28450168300892725,0.5511048754822869,0.6063599876505095,0.5774135459924296,0.4442476488953949,0.4550401358443964,0.44179452280595355,0.4442476488953949,0.4550401358443964,0.4417945228059535
65,DelinquentPeer_x_Race_nan,test_metrics,logistic_regression,AST,0.5383491599707816,0.0854368932038835,0.5789473684210527,0.14890016920473773,0.1661600810536981,0.3241106719367589,0.21969189551239118,0.14502164502164502,0.23426573426573427,0.17914438502673796,0.9034064395706953,0.59771534424205,0.7194351542177629,0.3250062647124805,0.43375977971639895,0.31679290099040747,0.7446262121115994,0.5383491599707816,0.6096825591959608
66,SchoolConnect_x_NeighborConnect,train_metrics,logistic_regression,AST,0.4546735103426984,0.48131736526946106,0.6204075331892559,0.5420825465335851,0.35573932175100526,0.36191725841309047,0.35880169874124807,0.3847446670976083,0.2297005248533498,0.287661302015369,0.5532094594594594,0.6066687249150973,0.5787071123545869,0.4437527033943835,0.4546735103426983,0.44181316491119726,0.44375270339438355,0.4546735103426984,0.44181316491119726
67,SchoolConnect_x_NeighborConnect,test_metrics,logistic_regression,AST,0.5381056732408084,0.0872865275142315,0.6052631578947368,0.15257048092868988,0.16581371545547594,0.3201581027667984,0.21847606203641268,0.14316702819956617,0.23076923076923078,0.17670682730923695,0.903828197945845,0.59771534424205,0.719568853372979,0.32502386727877963,0.438476458918204,0.3168305559118296,0.7448212367478013,0.5381056732408084,0.6095363799918496
68,SchoolConnect_x_ParentalWarmth,train_metrics,logistic_regression,AST,0.4548664711330658,0.47963692822166487,0.6199444272923742,0.5408390007406909,0.359375,0.36924976844705154,0.364245469773108,0.38690947479546056,0.2263044149428836,0.2855751436641668,0.55152241330702,0.6039672738499536,0.5765546713822576,0.4443609540810364,0.4548664711330658,0.4418035713900558,0.4443609540810363,0.4548664711330658,0.4418035713900558
69,SchoolConnect_x_ParentalWarmth,test_metrics,logistic_regression,AST,0.5381056732408084,0.0851063829787234,0.5789473684210527,0.148397976391231,0.16767676767676767,0.32806324110671936,0.2219251336898396,0.1368653421633554,0.21678321678321677,0.16779431664411365,0.9026548672566371,0.5983328187712257,0.7196435202376531,0.3230758400188709,0.43053166127055364,0.3144402367407093,0.7436462460320903,0.5381056732408084,0.6093223521944892
70,SchoolConnect_x_Is_Male,train_metrics,logistic_regression,AST,0.4542104044458166,0.48362871733253227,0.6213337449830194,0.5439005439005439,0.35548911376878256,0.3579036739734486,0.35669230769230764,0.3844856661045531,0.2287743130595863,0.28686184369707235,0.5467905171218633,0.6088298857672121,0.5761449127163831,0.44259850358193276,0.4542104044458166,0.44089990200157675,0.4425985035819328,0.4542104044458166,0.4408999020015768
71,SchoolConnect_x_Is_Male,test_metrics,logistic_regression,AST,0.5402970538105674,0.08704061895551257,0.5921052631578947,0.15177065767284992,0.16872427983539096,0.3241106719367589,0.2219215155615697,0.1400862068965517,0.22727272727272727,0.1733333333333333,0.9029712163416899,0.6004939796233405,0.7213053958835528,0.32470558050728626,0.43599566049768035,0.31708272561282647,0.7442848788752068,0.5402970538105674,0.6110806835786344
72,SchoolConnect_x_Race_1.0,train_metrics,logistic_regression,AST,0.45496295152824945,0.48012614542425325,0.6228002469898116,0.5422350648477925,0.3573743311477881,0.36600802716887926,0.3616396568160152,0.3883649887103201,0.22568694041370793,0.2854771784232365,0.5515471167369902,0.605356591540599,0.5772004710038269,0.44435314550483784,0.45496295152824945,0.4416380927727178,0.44435314550483795,0.45496295152824945,0.4416380927727177
73,SchoolConnect_x_Race_1.0,test_metrics,logistic_regression,AST,0.5381056732408084,0.08897485493230174,0.6052631578947368,0.15514333895446883,0.16849451645064806,0.3339920948616601,0.22398939695162362,0.14380530973451328,0.22727272727272727,0.1761517615176152,0.9039812646370023,0.595862920654523,0.7182731671008561,0.32631398643861637,0.4405977251709118,0.3183894161311409,0.7453479301295847,0.5381056732408084,0.6092027564284811
74,SchoolConnect_x_Race_2.0,train_metrics,logistic_regression,AST,0.4541911083667799,0.4827420901246405,0.6217968508799012,0.543516394548644,0.35731201894612197,0.3726458783575178,0.3648178933051231,0.3795084157093241,0.21928064217351034,0.2779571470501908,0.552624133540812,0.6030410620561902,0.5767328559828745,0.4430466645802246,0.4541911083667799,0.44075607272170814,0.4430466645802246,0.4541911083667799,0.4407560727217081
75,SchoolConnect_x_Race_2.0,test_metrics,logistic_regression,AST,0.5359142926710494,0.08778625954198473,0.6052631578947368,0.15333333333333335,0.16781836130306022,0.3359683794466403,0.2238314680710994,0.14382022471910114,0.22377622377622378,0.17510259917920656,0.904,0.5930842852732324,0.7162565249813571,0.3258562113910365,0.43952301159770835,0.31713098139124907,0.7452584443180429,0.5359142926710494,0.6074863121395613
76,SchoolConnect_x_Race_3.0,train_metrics,logistic_regression,AST,0.4552716887928373,0.4849975996159385,0.6238036430997221,0.5457123565158677,0.35403726708074534,0.36515899969126275,0.35951213951897865,0.38981924508240295,0.22638159925903056,0.28642578125,0.5498493659356828,0.6057425131213338,0.5764442322523781,0.4446758694286924,0.4552716887928373,0.4420236273843061,0.4446758694286924,0.4552716887928373,0.44202362738430606
77,SchoolConnect_x_Race_3.0,test_metrics,logistic_regression,AST,0.5383491599707816,0.08349514563106795,0.5657894736842105,0.1455160744500846,0.1661631419939577,0.32608695652173914,0.2201467645096731,0.141280353200883,0.22377622377622378,0.17320703653585925,0.9035414725069898,0.5986415560358135,0.7201485608170844,0.3236200283332246,0.4285735525044967,0.3147546090781753,0.7444366183059402,0.5383491599707816,0.6098251486330395
78,SchoolConnect_x_Race_4.0,train_metrics,logistic_regression,AST,0.4540174436554492,0.48184164715769257,0.6195585057116394,0.5420901570150262,0.35518554468752334,0.36716579191108367,0.3610763216820373,0.3856078744346901,0.22375733251003396,0.2831884341115561,0.5504419811982602,0.6055881444890399,0.576699742741639,0.4432692618695415,0.4540174436554492,0.4407636638875646,0.4432692618695415,0.4540174436554492,0.44076366388756466
79,SchoolConnect_x_Race_4.0,test_metrics,logistic_regression,AST,0.5383491599707816,0.0851063829787234,0.5789473684210527,0.148397976391231,0.16734279918864098,0.32608695652173914,0.22117962466487937,0.14161220043572983,0.22727272727272727,0.17449664429530198,0.9030303030303031,0.5980240815066379,0.7195393759286776,0.3242729214083493,0.43258278343053924,0.3159034053200225,0.7442317463685428,0.5383491599707816,0.6096150998752388
80,SchoolConnect_x_Race_5.0,train_metrics,logistic_regression,AST,0.45426829268292684,0.4823268631679847,0.6214109292991664,0.5431057744198596,0.35487731897067626,0.3661623958011732,0.3604315453578483,0.38567419484164106,0.2227539364001235,0.28240129164831945,0.5504516490441845,0.6067459092312442,0.5772295039835518,0.44333250650612166,0.4542682926829268,0.44079202885239477,0.4433325065061216,0.45426829268292684,0.44079202885239477
81,SchoolConnect_x_Race_5.0,test_metrics,logistic_regression,AST,0.5364012661309958,0.08445297504798464,0.5789473684210527,0.1474036850921273,0.1663306451612903,0.32608695652173914,0.22029372496662217,0.13785557986870897,0.2202797202797203,0.1695827725437416,0.9036031820308844,0.5961716579191109,0.7183779761904763,0.3230605955272171,0.43037142578540577,0.31391453969824185,0.7442851558304711,0.5364012661309958,0.6082294236008219
82,SchoolConnect_x_Race_nan,train_metrics,logistic_regression,AST,0.45403673973448594,0.48130169003955414,0.6198672429762272,0.5418662708319276,0.35626590807007036,0.36732016054337757,0.36170859618454054,0.38460512273212377,0.22252238345168263,0.2819284177586544,0.5500560067208065,0.6064371719666564,0.5768722466960352,0.44305718189063864,0.45403673973448594,0.44059388286778944,0.4430571818906387,0.45403673973448594,0.44059388286778944
83,SchoolConnect_x_Race_nan,test_metrics,logistic_regression,AST,0.5381056732408084,0.08670520231213873,0.5921052631578947,0.15126050420168066,0.16548223350253807,0.3221343873517787,0.21864520456069753,0.14565217391304347,0.23426573426573427,0.17962466487935655,0.9029398040130658,0.5974066069774622,0.7190635451505016,0.3251948534351965,0.43647799793821745,0.3171484796980591,0.7442420629329091,0.5381056732408084,0.6093376549123476
84,NeighborConnect_x_ParentalWarmth,train_metrics,logistic_regression,AST,0.45716270453843777,0.4864457831325301,0.6232633528866934,0.5464203545811341,0.36061477892186555,0.3676288978079654,0.36408805992967436,0.38645367412140574,0.23340537202840383,0.2910350801212646,0.5517581565781129,0.6043531954306884,0.5768593214719858,0.44631809818847856,0.4571627045384378,0.4446007040260147,0.4463180981884786,0.45716270453843777,0.44460070402601476
85,NeighborConnect_x_ParentalWarmth,test_metrics,logistic_regression,AST,0.5385926467007548,0.08704061895551257,0.5921052631578947,0.15177065767284992,0.16888433981576254,0.32608695652173914,0.22252191503708696,0.1416490486257928,0.23426573426573427,0.17654808959156784,0.9042056074766355,0.5974066069774622,0.7194645844952593,0.3254449037184258,0.43746614023070757,0.317576311699191,0.745386937791866,0.5385926467007548,0.6099267596287402
86,NeighborConnect_x_Is_Male,train_metrics,logistic_regression,AST,0.4547892868169188,0.48379895009955953,0.6188638468663168,0.5430593653696366,0.3567138726180767,0.37133374498301946,0.36387701849260673,0.38264709702558775,0.22738499536894102,0.28525780682643426,0.5541414859580519,0.6015745600493979,0.5768846452758966,0.4443253514253189,0.45478928681691877,0.4422697089911435,0.444325351425319,0.4547892868169188,0.4422697089911435
87,NeighborConnect_x_Is_Male,test_metrics,logistic_regression,AST,0.5366447528609691,0.08704061895551257,0.5921052631578947,0.15177065767284992,0.16699801192842942,0.33201581027667987,0.22222222222222224,0.14814814814814814,0.23776223776223776,0.1825503355704698,0.9049411764705882,0.5937017598024081,0.7170022371364654,0.32678198887566956,0.4388962677498051,0.31838636315050184,0.7461872223119089,0.5366447528609691,0.6083658769139875
88,NeighborConnect_x_Race_1.0,train_metrics,logistic_regression,AST,0.45316841617783266,0.4792849377944196,0.6125347329422661,0.5377786813037879,0.35602890833016354,0.3612225995677678,0.3586069499252902,0.3833997173326481,0.23031799938252548,0.2877670090168282,0.5499372297391547,0.6085983328187712,0.5777826628563054,0.4421626982990965,0.45316841617783266,0.44048382577555295,0.4421626982990965,0.45316841617783266,0.4404838257755529
89,NeighborConnect_x_Race_1.0,test_metrics,logistic_regression,AST,0.5420014609203798,0.08687258687258688,0.5921052631578947,0.15151515151515152,0.17012448132780084,0.3241106719367589,0.2231292517006803,0.13793103448275862,0.22377622377622378,0.17066666666666666,0.9037482646922721,0.6029638777400432,0.7233333333333334,0.3246690918438546,0.4357390091527302,0.317161100803958,0.7449170220001271,0.5420014609203798,0.6126383944993985
90,NeighborConnect_x_Race_2.0,train_metrics,logistic_regression,AST,0.45532957702994753,0.4832355406538139,0.6229546156221056,0.5442713601726347,0.35658914728682173,0.36924976844705154,0.36280903989079333,0.38690792974986693,0.2244519913553566,0.28409534974599454,0.5520789288231148,0.6046619326952763,0.5771752744419067,0.4447028866284044,0.4553295770299476,0.44208775606283235,0.44470288662840435,0.45532957702994753,0.4420877560628323
91,NeighborConnect_x_Race_2.0,test_metrics,logistic_regression,AST,0.5395665936206476,0.08653846153846154,0.5921052631578947,0.15100671140939595,0.164969450101833,0.3201581027667984,0.21774193548387097,0.14757709251101322,0.23426573426573427,0.1810810810810811,0.902835890283589,0.599567767829577,0.7205936920222634,0.3254802236087242,0.43652421700500105,0.31760585499915284,0.744227894306098,0.5395665936206476,0.6105298483251165
92,NeighborConnect_x_Race_3.0,train_metrics,logistic_regression,AST,0.4550594319234332,0.48324105495028874,0.6265050941648657,0.5456256511948375,0.35641044831973656,0.3675517134918185,0.3618953528137706,0.3845945945945946,0.21966656375424515,0.2796227156612301,0.550820131781859,0.6065143562828034,0.5773271618543825,0.44376655741161974,0.4550594319234331,0.4411177203810552,0.44376655741161974,0.4550594319234332,0.4411177203810551
93,NeighborConnect_x_Race_3.0,test_metrics,logistic_regression,AST,0.538836133430728,0.08670520231213873,0.5921052631578947,0.15126050420168066,0.16666666666666666,0.32608695652173914,0.22058823529411767,0.1434878587196468,0.22727272727272727,0.1759133964817321,0.9034965034965035,0.5983328187712257,0.7199108469539375,0.3250890577987389,0.43594944143089664,0.316918245732867,0.7446763163204405,0.538836133430728,0.6099868298163453
94,NeighborConnect_x_Race_4.0,train_metrics,logistic_regression,AST,0.45519450447669035,0.48244403097052996,0.6204075331892559,0.542796366951413,0.3572125121896332,0.3675517134918185,0.36230836535169475,0.38863124420299455,0.22638159925903056,0.2861044725162171,0.5500175008750438,0.6064371719666564,0.5768510700781908,0.44457632205955033,0.45519450447669035,0.4420150687243789,0.4445763220595504,0.45519450447669035,0.44201506872437896
95,NeighborConnect_x_Race_4.0,test_metrics,logistic_regression,AST,0.5405405405405406,0.08704061895551257,0.5921052631578947,0.15177065767284992,0.1687116564417178,0.32608695652173914,0.2223719676549865,0.14565217391304347,0.23426573426573427,0.17962466487935655,0.9028810408921933,0.5998765050941649,0.7208310146540531,0.3260713725506168,0.4380836147598832,0.31864957621531154,0.7445998048183766,0.5405405405405406,0.6112001695243569
96,NeighborConnect_x_Race_5.0,train_metrics,logistic_regression,AST,0.45768369867242975,0.49105551115755824,0.616548317381908,0.5466926735790302,0.3582716237880754,0.36222599567767827,0.36023795816541926,0.38985542759127667,0.24560049397962333,0.3013542949142911,0.5495243424734192,0.6063599876505095,0.5765448407456335,0.4471767262525824,0.45768369867242975,0.4462074418510935,0.44717672625258237,0.45768369867242975,0.4462074418510935
97,NeighborConnect_x_Race_5.0,test_metrics,logistic_regression,AST,0.5378621865108352,0.08349514563106795,0.5657894736842105,0.1455160744500846,0.16853932584269662,0.32608695652173914,0.22222222222222224,0.14644351464435146,0.24475524475524477,0.1832460732984293,0.9044496487119438,0.5961716579191109,0.7186453293636026,0.32573190870751495,0.4332008332200763,0.3174074248335847,0.7458051588289838,0.5378621865108352,0.6095944156013418
98,NeighborConnect_x_Race_nan,train_metrics,logistic_regression,AST,0.4545191417104045,0.482080786287906,0.6208706390861377,0.5427434046285675,0.35637342908438063,0.3677060821241124,0.36195107126576503,0.38464614154338267,0.2227539364001235,0.2821252260618799,0.5509917992570267,0.6067459092312442,0.5775263563898175,0.443523039043174,0.4545191417104044,0.4410865145865075,0.44352303904317397,0.4545191417104045,0.44108651458650755
99,NeighborConnect_x_Race_nan,test_metrics,logistic_regression,AST,0.5383491599707816,0.08494208494208494,0.5789473684210527,0.14814814814814814,0.166497461928934,0.3241106719367589,0.21998658618376926,0.14533622559652928,0.23426573426573427,0.17938420348058903,0.9034064395706953,0.59771534424205,0.7194351542177629,0.3250455530095609,0.43375977971639895,0.31673852300756733,0.744680528970472,0.5383491599707816,0.6097216504930677
100,ParentalWarmth_x_Is_Male,train_metrics,logistic_regression,AST,0.4552523927138006,0.48302181621491674,0.620330348873109,0.5431322858590978,0.3595581100246324,0.3717968508799012,0.3655750768413464,0.3815755037948181,0.22506946588453225,0.28313428488202735,0.5530185211367171,0.6038129052176597,0.5773005682237473,0.4442934877927711,0.4552523927138005,0.4422855539515547,0.44429348779277106,0.4552523927138006,0.4422855539515547
101,ParentalWarmth_x_Is_Male,test_metrics,logistic_regression,AST,0.5325054784514244,0.08445297504798464,0.5789473684210527,0.1474036850921273,0.1641938674579624,0.32806324110671936,0.2188529993408042,0.1422319474835886,0.22727272727272727,0.17496635262449528,0.902738432483475,0.590305649891942,0.7138323688631697,0.3234043056182526,0.43114724667311033,0.3137638514801491,0.7436446658952173,0.5325054784514244,0.6048419082863066
102,ParentalWarmth_x_Race_1.0,train_metrics,logistic_regression,AST,0.4543454769990738,0.4813394836158869,0.6201759802408151,0.5420081621639853,0.3557172869147659,0.3659308428527323,0.36075178816009745,0.3855165069222577,0.22352577956159309,0.2829783076021106,0.5509761388286334,0.6077493053411547,0.5779718868132272,0.443387354070386,0.4543454769990738,0.44092753618485514,0.44338735407038593,0.4543454769990738,0.4409275361848552
103,ParentalWarmth_x_Race_1.0,test_metrics,logistic_regression,AST,0.5383491599707816,0.07984790874524715,0.5526315789473685,0.13953488372093023,0.1671763506625892,0.3241106719367589,0.22057834566240755,0.14222222222222222,0.22377622377622378,0.17391304347826086,0.9027906976744186,0.5992590305649892,0.7203562813137873,0.3230092948261193,0.4249443763063351,0.3135956385438465,0.7439674457810825,0.5383491599707816,0.6099806232476523
104,ParentalWarmth_x_Race_2.0,train_metrics,logistic_regression,AST,0.4544998456313677,0.4826407627271092,0.6212565606668725,0.5432457058009652,0.35697115384615385,0.36677987033034887,0.36180904522613067,0.38251655629139075,0.2229083050324174,0.2816736564907832,0.5505775288764438,0.6070546464958321,0.5774384200286333,0.4431765004352744,0.4544998456313677,0.4410417068866281,0.44317650043527446,0.4544998456313677,0.4410417068866281
105,ParentalWarmth_x_Race_2.0,test_metrics,logistic_regression,AST,0.5393231068906744,0.0838095238095238,0.5789473684210527,0.14642262895174707,0.1683673469387755,0.32608695652173914,0.22207267833109018,0.14725274725274726,0.23426573426573427,0.1808367071524966,0.9031206334420121,0.5986415560358135,0.7200148533234311,0.3256375628607647,0.4344854038110849,0.31733671693969123,0.7447980079847838,0.5393231068906744,0.6105050653021844
106,ParentalWarmth_x_Race_3.0,train_metrics,logistic_regression,AST,0.45428758876196357,0.48190099484597865,0.6206390861376968,0.5425409891370353,0.35613366225611126,0.3677060821241124,0.3618273649033532,0.384707926747761,0.22213646187094782,0.2816460341537408,0.5504201680672269,0.6066687249150973,0.5771772653840506,0.44329068797926946,0.45428758876196357,0.440797913394545,0.44329068797926946,0.45428758876196357,0.44079791339454494
107,ParentalWarmth_x_Race_3.0,test_metrics,logistic_regression,AST,0.537618699780862,0.08349514563106795,0.5657894736842105,0.1455160744500846,0.1659919028340081,0.3241106719367589,0.21954484605087016,0.14161220043572983,0.22727272727272727,0.17449664429530198,0.9025641025641026,0.59771534424205,0.7191679049034175,0.32341583786622713,0.42872205428393667,0.3146813674249186,0.7436678235772379,0.537618699780862,0.6090673966424575
108,ParentalWarmth_x_Race_4.0,train_metrics,logistic_regression,AST,0.4565838221673356,0.4837410590851716,0.6211793763507255,0.5439124117189876,0.3598884534217667,0.36855510960172894,0.364170225747407,0.3892959958126145,0.22962334053720285,0.2888629964074182,0.5508159977586328,0.6069774621796851,0.577534608746741,0.4459353765195464,0.45658382216733556,0.4436200606551385,0.44593537651954634,0.4565838221673356,0.4436200606551385
109,ParentalWarmth_x_Race_4.0,test_metrics,logistic_regression,AST,0.5373752130508888,0.08365758754863813,0.5657894736842105,0.14576271186440676,0.16683518705763398,0.32608695652173914,0.22073578595317725,0.1406926406926407,0.22727272727272727,0.1737967914438503,0.9028944911297853,0.5970978697128744,0.7188254971194946,0.3235199766071745,0.4290617567978878,0.31478019659523226,0.7439712523283002,0.5373752130508888,0.608899912665446
110,ParentalWarmth_x_Race_5.0,train_metrics,logistic_regression,AST,0.45409462797159617,0.48177239477155537,0.6201759802408151,0.5422825133292839,0.35612835349815886,0.3657764742204384,0.3608879412100674,0.385219707057257,0.2232942266131522,0.28271279194762045,0.5489566613162119,0.607131830811979,0.5765805387575591,0.44301927916079575,0.45409462797159617,0.4406159463111327,0.44301927916079575,0.45409462797159617,0.4406159463111327
111,ParentalWarmth_x_Race_5.0,test_metrics,logistic_regression,AST,0.5378621865108352,0.08522727272727272,0.5921052631578947,0.14900662251655628,0.16733870967741934,0.32806324110671936,0.22162883845126835,0.14699331848552338,0.23076923076923078,0.1795918367346939,0.9036482694106641,0.5964803951836987,0.7186163288078854,0.3258018925752199,0.4368545325543859,0.317210906627601,0.7450955669666539,0.5378621865108352,0.6093085585299399
112,ParentalWarmth_x_Race_nan,train_metrics,logistic_regression,AST,0.4541139240506329,0.48097777245221973,0.6196356900277864,0.5415725031200459,0.3561756564674198,0.3674745291756715,0.36173688409375837,0.3851911253675488,0.22244519913553565,0.28202368137782563,0.5504760571268552,0.6069002778635382,0.5773127753303965,0.44320515285351086,0.45411392405063294,0.4406614609805066,0.4432051528535109,0.4541139240506329,0.44066146098050657
113,ParentalWarmth_x_Race_nan,test_metrics,logistic_regression,AST,0.5383491599707816,0.08704061895551257,0.5921052631578947,0.15177065767284992,0.16548223350253807,0.3221343873517787,0.21864520456069753,0.14533622559652928,0.23426573426573427,0.17938420348058903,0.9029850746268657,0.59771534424205,0.7193015047371355,0.3252110381703614,0.4365551822543644,0.317275392612818,0.7442619708862743,0.5383491599707816,0.60951801790355
114,Is_Male_x_Race_1.0,train_metrics,logistic_regression,AST,0.45316841617783266,0.4819717297556301,0.6211021920345786,0.5427627141508161,0.35440770321713816,0.366471133065761,0.36033848138731833,0.3815931108719053,0.21889472059277554,0.2782028644300569,0.5492691796629134,0.6062056190182155,0.5763346175013758,0.44181043087689675,0.45316841617783266,0.4394096693673918,0.4418104308768967,0.45316841617783266,0.4394096693673918
115,Is_Male_x_Race_1.0,test_metrics,logistic_regression,AST,0.5383491599707816,0.08494208494208494,0.5789473684210527,0.14814814814814814,0.16850551654964896,0.33201581027667987,0.22355289421157684,0.14380530973451328,0.22727272727272727,0.1761517615176152,0.9037383177570093,0.5970978697128744,0.7190927681725228,0.32524780724581415,0.43383344392083356,0.31673639301246576,0.7450830581029327,0.5383491599707816,0.6096659127429161
116,Is_Male_x_Race_2.0,train_metrics,logistic_regression,AST,0.45316841617783266,0.4829265360105807,0.6200216116085211,0.5429537005745183,0.35135135135135137,0.372259956776783,0.36150357905782704,0.38314332247557004,0.21789132448286508,0.27779964573902777,0.5538134090102873,0.6025007718431614,0.5771320838416325,0.44280865471194736,0.45316841617783266,0.4398472523032514,0.44280865471194736,0.45316841617783266,0.4398472523032514
117,Is_Male_x_Race_2.0,test_metrics,logistic_regression,AST,0.5366447528609691,0.08237547892720307,0.5657894736842105,0.14381270903010032,0.1678115799803729,0.33794466403162055,0.22426229508196718,0.1480637813211845,0.22727272727272727,0.1793103448275862,0.9050305594734368,0.5943192343315838,0.7174804323518449,0.3258203499255493,0.43133152483003556,0.31621644532287463,0.7462657461555532,0.5366447528609691,0.6086214673012121
118,Is_Male_x_Race_3.0,train_metrics,logistic_regression,AST,0.4537858907070083,0.4809740337441666,0.6204847175054029,0.5418941691944726,0.35554390956053006,0.366548317381908,0.36096226199977194,0.3838221507968394,0.2212102500771843,0.28066395730304067,0.5503989920201596,0.6069002778635382,0.5772703913075399,0.44268477153042396,0.4537858907070083,0.4401976949512063,0.4426847715304239,0.4537858907070083,0.4401976949512063
119,Is_Male_x_Race_3.0,test_metrics,logistic_regression,AST,0.5383491599707816,0.08527131782945736,0.5789473684210527,0.14864864864864863,0.1680161943319838,0.32806324110671936,0.22222222222222224,0.14316702819956617,0.23076923076923078,0.17670682730923695,0.9033613445378151,0.5974066069774622,0.7191971752462367,0.3249539712247056,0.43379661181861623,0.3166937183565861,0.7446871145629612,0.5383491599707816,0.6096322242451289
120,Is_Male_x_Race_4.0,train_metrics,logistic_regression,AST,0.4541718122877431,0.4816412099430967,0.6206390861376968,0.5423763110856294,0.3568159651886863,0.3670886075949367,0.3618793988967091,0.3826700385997604,0.22190490892250694,0.28091259954076897,0.5505004549590536,0.6070546464958321,0.5773960283375545,0.4429069171726493,0.45417181228774317,0.44064108446516553,0.4429069171726493,0.4541718122877431,0.4406410844651655
121,Is_Male_x_Race_4.0,test_metrics,logistic_regression,AST,0.5393231068906744,0.08317214700193423,0.5657894736842105,0.14502529510961215,0.16683621566632756,0.3241106719367589,0.22028206850235055,0.14442013129102846,0.23076923076923078,0.17765814266487215,0.9032558139534884,0.599567767829577,0.7207274076823157,0.32442107697819467,0.4300592860549443,0.3159232284897876,0.7445069265263919,0.5393231068906744,0.6105992090030908
122,Is_Male_x_Race_5.0,train_metrics,logistic_regression,AST,0.4532841926520531,0.4817801672640382,0.6224915097252238,0.5431707974137931,0.35458705273422847,0.3648502624266749,0.35964545212462434,0.3825268817204301,0.21966656375424515,0.2790743282996666,0.5486620554740446,0.6061284347020686,0.5759653819355312,0.44188903929818535,0.4532841926520531,0.43946398994340385,0.4418890392981853,0.4532841926520531,0.4394639899434038
123,Is_Male_x_Race_5.0,test_metrics,logistic_regression,AST,0.5385926467007548,0.08670520231213873,0.5921052631578947,0.15126050420168066,0.17017017017017017,0.3359683794466403,0.22591362126245848,0.1456953642384106,0.23076923076923078,0.17861975642760486,0.9040262172284644,0.5961716579191109,0.7185116279069769,0.326649238487296,0.4387536328232192,0.31857637744968026,0.7456794480781618,0.5385926467007548,0.6097279045062394
124,Is_Male_x_Race_nan,train_metrics,logistic_regression,AST,0.4545384377894412,0.4815147702079214,0.620253164556962,0.5421487603305786,0.3561172599461562,0.3675517134918185,0.3617441507140687,0.3862455017992803,0.223680148193887,0.283298303924923,0.5511921458625526,0.6066687249150973,0.5776014109347443,0.44376741945397763,0.4545384377894412,0.44119815647607863,0.44376741945397763,0.4545384377894412,0.44119815647607863
125,Is_Male_x_Race_nan,test_metrics,logistic_regression,AST,0.5383491599707816,0.08704061895551257,0.5921052631578947,0.15177065767284992,0.1663286004056795,0.3241106719367589,0.2198391420911528,0.14502164502164502,0.23426573426573427,0.17914438502673796,0.9033613445378151,0.5974066069774622,0.7191971752462367,0.3254380522301631,0.4369720690844625,0.31748784000924435,0.7446410869929552,0.5383491599707816,0.6095661360169145
126,Race_1.0_x_Race_2.0,train_metrics,logistic_regression,AST,0.4539788514973757,0.48103313956972493,0.6195585057116394,0.5415781128765643,0.35614797064549947,0.3670886075949367,0.36153553781832004,0.3848310855922019,0.22244519913553565,0.28192712154561017,0.5500209878270603,0.6068230935473912,0.5770275229357797,0.4430082959086217,0.4539788514973757,0.44051707379406857,0.4430082959086217,0.4539788514973757,0.44051707379406857
127,Race_1.0_x_Race_2.0,test_metrics,logistic_regression,AST,0.538836133430728,0.08704061895551257,0.5921052631578947,0.15177065767284992,0.16581892166836215,0.3221343873517787,0.21893888515782403,0.14533622559652928,0.23426573426573427,0.17938420348058903,0.9030754892823858,0.5983328187712257,0.7197771587743732,0.32531781387569747,0.4367095508866583,0.31746772627140907,0.7443747581473252,0.538836133430728,0.6099293268416457
128,Race_1.0_x_Race_3.0,train_metrics,logistic_regression,AST,0.4539788514973757,0.48103313956972493,0.6195585057116394,0.5415781128765643,0.35614797064549947,0.3670886075949367,0.36153553781832004,0.3848310855922019,0.22244519913553565,0.28192712154561017,0.5500209878270603,0.6068230935473912,0.5770275229357797,0.4430082959086217,0.4539788514973757,0.44051707379406857,0.4430082959086217,0.4539788514973757,0.44051707379406857
129,Race_1.0_x_Race_3.0,test_metrics,logistic_regression,AST,0.538836133430728,0.08704061895551257,0.5921052631578947,0.15177065767284992,0.16581892166836215,0.3221343873517787,0.21893888515782403,0.14533622559652928,0.23426573426573427,0.17938420348058903,0.9030754892823858,0.5983328187712257,0.7197771587743732,0.32531781387569747,0.4367095508866583,0.31746772627140907,0.7443747581473252,0.538836133430728,0.6099293268416457
130,Race_1.0_x_Race_4.0,train_metrics,logistic_regression,AST,0.4539788514973757,0.48103313956972493,0.6195585057116394,0.5415781128765643,0.35614797064549947,0.3670886075949367,0.36153553781832004,0.3848310855922019,0.22244519913553565,0.28192712154561017,0.5500209878270603,0.6068230935473912,0.5770275229357797,0.4430082959086217,0.4539788514973757,0.44051707379406857,0.4430082959086217,0.4539788514973757,0.44051707379406857
131,Race_1.0_x_Race_4.0,test_metrics,logistic_regression,AST,0.538836133430728,0.08704061895551257,0.5921052631578947,0.15177065767284992,0.16581892166836215,0.3221343873517787,0.21893888515782403,0.14533622559652928,0.23426573426573427,0.17938420348058903,0.9030754892823858,0.5983328187712257,0.7197771587743732,0.32531781387569747,0.4367095508866583,0.31746772627140907,0.7443747581473252,0.538836133430728,0.6099293268416457
132,Race_1.0_x_Race_5.0,train_metrics,logistic_regression,AST,0.4539788514973757,0.48103313956972493,0.6195585057116394,0.5415781128765643,0.35614797064549947,0.3670886075949367,0.36153553781832004,0.3848310855922019,0.22244519913553565,0.28192712154561017,0.5500209878270603,0.6068230935473912,0.5770275229357797,0.4430082959086217,0.4539788514973757,0.44051707379406857,0.4430082959086217,0.4539788514973757,0.44051707379406857
133,Race_1.0_x_Race_5.0,test_metrics,logistic_regression,AST,0.538836133430728,0.08704061895551257,0.5921052631578947,0.15177065767284992,0.16581892166836215,0.3221343873517787,0.21893888515782403,0.14533622559652928,0.23426573426573427,0.17938420348058903,0.9030754892823858,0.5983328187712257,0.7197771587743732,0.32531781387569747,0.4367095508866583,0.31746772627140907,0.7443747581473252,0.538836133430728,0.6099293268416457
134,Race_1.0_x_Race_nan,train_metrics,logistic_regression,AST,0.4539788514973757,0.48103313956972493,0.6195585057116394,0.5415781128765643,0.35614797064549947,0.3670886075949367,0.36153553781832004,0.3848310855922019,0.22244519913553565,0.28192712154561017,0.5500209878270603,0.6068230935473912,0.5770275229357797,0.4430082959086217,0.4539788514973757,0.44051707379406857,0.4430082959086217,0.4539788514973757,0.44051707379406857
135,Race_1.0_x_Race_nan,test_metrics,logistic_regression,AST,0.538836133430728,0.08704061895551257,0.5921052631578947,0.15177065767284992,0.16581892166836215,0.3221343873517787,0.21893888515782403,0.14533622559652928,0.23426573426573427,0.17938420348058903,0.9030754892823858,0.5983328187712257,0.7197771587743732,0.32531781387569747,0.4367095508866583,0.31746772627140907,0.7443747581473252,0.538836133430728,0.6099293268416457
136,Race_2.0_x_Race_3.0,train_metrics,logistic_regression,AST,0.4539788514973757,0.48103313956972493,0.6195585057116394,0.5415781128765643,0.35614797064549947,0.3670886075949367,0.36153553781832004,0.3848310855922019,0.22244519913553565,0.28192712154561017,0.5500209878270603,0.6068230935473912,0.5770275229357797,0.4430082959086217,0.4539788514973757,0.44051707379406857,0.4430082959086217,0.4539788514973757,0.44051707379406857
137,Race_2.0_x_Race_3.0,test_metrics,logistic_regression,AST,0.538836133430728,0.08704061895551257,0.5921052631578947,0.15177065767284992,0.16581892166836215,0.3221343873517787,0.21893888515782403,0.14533622559652928,0.23426573426573427,0.17938420348058903,0.9030754892823858,0.5983328187712257,0.7197771587743732,0.32531781387569747,0.4367095508866583,0.31746772627140907,0.7443747581473252,0.538836133430728,0.6099293268416457
138,Race_2.0_x_Race_4.0,train_metrics,logistic_regression,AST,0.4539788514973757,0.48103313956972493,0.6195585057116394,0.5415781128765643,0.35614797064549947,0.3670886075949367,0.36153553781832004,0.3848310855922019,0.22244519913553565,0.28192712154561017,0.5500209878270603,0.6068230935473912,0.5770275229357797,0.4430082959086217,0.4539788514973757,0.44051707379406857,0.4430082959086217,0.4539788514973757,0.44051707379406857
139,Race_2.0_x_Race_4.0,test_metrics,logistic_regression,AST,0.538836133430728,0.08704061895551257,0.5921052631578947,0.15177065767284992,0.16581892166836215,0.3221343873517787,0.21893888515782403,0.14533622559652928,0.23426573426573427,0.17938420348058903,0.9030754892823858,0.5983328187712257,0.7197771587743732,0.32531781387569747,0.4367095508866583,0.31746772627140907,0.7443747581473252,0.538836133430728,0.6099293268416457
140,Race_2.0_x_Race_5.0,train_metrics,logistic_regression,AST,0.4539788514973757,0.48103313956972493,0.6195585057116394,0.5415781128765643,0.35614797064549947,0.3670886075949367,0.36153553781832004,0.3848310855922019,0.22244519913553565,0.28192712154561017,0.5500209878270603,0.6068230935473912,0.5770275229357797,0.4430082959086217,0.4539788514973757,0.44051707379406857,0.4430082959086217,0.4539788514973757,0.44051707379406857
141,Race_2.0_x_Race_5.0,test_metrics,logistic_regression,AST,0.538836133430728,0.08704061895551257,0.5921052631578947,0.15177065767284992,0.16581892166836215,0.3221343873517787,0.21893888515782403,0.14533622559652928,0.23426573426573427,0.17938420348058903,0.9030754892823858,0.5983328187712257,0.7197771587743732,0.32531781387569747,0.4367095508866583,0.31746772627140907,0.7443747581473252,0.538836133430728,0.6099293268416457
142,Race_2.0_x_Race_nan,train_metrics,logistic_regression,AST,0.4539788514973757,0.48103313956972493,0.6195585057116394,0.5415781128765643,0.35614797064549947,0.3670886075949367,0.36153553781832004,0.3848310855922019,0.22244519913553565,0.28192712154561017,0.5500209878270603,0.6068230935473912,0.5770275229357797,0.4430082959086217,0.4539788514973757,0.44051707379406857,0.4430082959086217,0.4539788514973757,0.44051707379406857
143,Race_2.0_x_Race_nan,test_metrics,logistic_regression,AST,0.538836133430728,0.08704061895551257,0.5921052631578947,0.15177065767284992,0.16581892166836215,0.3221343873517787,0.21893888515782403,0.14533622559652928,0.23426573426573427,0.17938420348058903,0.9030754892823858,0.5983328187712257,0.7197771587743732,0.32531781387569747,0.4367095508866583,0.31746772627140907,0.7443747581473252,0.538836133430728,0.6099293268416457
144,Race_3.0_x_Race_4.0,train_metrics,logistic_regression,AST,0.4539788514973757,0.48103313956972493,0.6195585057116394,0.5415781128765643,0.35614797064549947,0.3670886075949367,0.36153553781832004,0.3848310855922019,0.22244519913553565,0.28192712154561017,0.5500209878270603,0.6068230935473912,0.5770275229357797,0.4430082959086217,0.4539788514973757,0.44051707379406857,0.4430082959086217,0.4539788514973757,0.44051707379406857
145,Race_3.0_x_Race_4.0,test_metrics,logistic_regression,AST,0.538836133430728,0.08704061895551257,0.5921052631578947,0.15177065767284992,0.16581892166836215,0.3221343873517787,0.21893888515782403,0.14533622559652928,0.23426573426573427,0.17938420348058903,0.9030754892823858,0.5983328187712257,0.7197771587743732,0.32531781387569747,0.4367095508866583,0.31746772627140907,0.7443747581473252,0.538836133430728,0.6099293268416457
146,Race_3.0_x_Race_5.0,train_metrics,logistic_regression,AST,0.4539788514973757,0.48103313956972493,0.6195585057116394,0.5415781128765643,0.35614797064549947,0.3670886075949367,0.36153553781832004,0.3848310855922019,0.22244519913553565,0.28192712154561017,0.5500209878270603,0.6068230935473912,0.5770275229357797,0.4430082959086217,0.4539788514973757,0.44051707379406857,0.4430082959086217,0.4539788514973757,0.44051707379406857
147,Race_3.0_x_Race_5.0,test_metrics,logistic_regression,AST,0.538836133430728,0.08704061895551257,0.5921052631578947,0.15177065767284992,0.16581892166836215,0.3221343873517787,0.21893888515782403,0.14533622559652928,0.23426573426573427,0.17938420348058903,0.9030754892823858,0.5983328187712257,0.7197771587743732,0.32531781387569747,0.4367095508866583,0.31746772627140907,0.7443747581473252,0.538836133430728,0.6099293268416457
148,Race_3.0_x_Race_nan,train_metrics,logistic_regression,AST,0.4539788514973757,0.48103313956972493,0.6195585057116394,0.5415781128765643,0.35614797064549947,0.3670886075949367,0.36153553781832004,0.3848310855922019,0.22244519913553565,0.28192712154561017,0.5500209878270603,0.6068230935473912,0.5770275229357797,0.4430082959086217,0.4539788514973757,0.44051707379406857,0.4430082959086217,0.4539788514973757,0.44051707379406857
149,Race_3.0_x_Race_nan,test_metrics,logistic_regression,AST,0.538836133430728,0.08704061895551257,0.5921052631578947,0.15177065767284992,0.16581892166836215,0.3221343873517787,0.21893888515782403,0.14533622559652928,0.23426573426573427,0.17938420348058903,0.9030754892823858,0.5983328187712257,0.7197771587743732,0.32531781387569747,0.4367095508866583,0.31746772627140907,0.7443747581473252,0.538836133430728,0.6099293268416457
150,Race_4.0_x_Race_5.0,train_metrics,logistic_regression,AST,0.4539788514973757,0.48103313956972493,0.6195585057116394,0.5415781128765643,0.35614797064549947,0.3670886075949367,0.36153553781832004,0.3848310855922019,0.22244519913553565,0.28192712154561017,0.5500209878270603,0.6068230935473912,0.5770275229357797,0.4430082959086217,0.4539788514973757,0.44051707379406857,0.4430082959086217,0.4539788514973757,0.44051707379406857
151,Race_4.0_x_Race_5.0,test_metrics,logistic_regression,AST,0.538836133430728,0.08704061895551257,0.5921052631578947,0.15177065767284992,0.16581892166836215,0.3221343873517787,0.21893888515782403,0.14533622559652928,0.23426573426573427,0.17938420348058903,0.9030754892823858,0.5983328187712257,0.7197771587743732,0.32531781387569747,0.4367095508866583,0.31746772627140907,0.7443747581473252,0.538836133430728,0.6099293268416457
152,Race_4.0_x_Race_nan,train_metrics,logistic_regression,AST,0.4539788514973757,0.48103313956972493,0.6195585057116394,0.5415781128765643,0.35614797064549947,0.3670886075949367,0.36153553781832004,0.3848310855922019,0.22244519913553565,0.28192712154561017,0.5500209878270603,0.6068230935473912,0.5770275229357797,0.4430082959086217,0.4539788514973757,0.44051707379406857,0.4430082959086217,0.4539788514973757,0.44051707379406857
153,Race_4.0_x_Race_nan,test_metrics,logistic_regression,AST,0.538836133430728,0.08704061895551257,0.5921052631578947,0.15177065767284992,0.16581892166836215,0.3221343873517787,0.21893888515782403,0.14533622559652928,0.23426573426573427,0.17938420348058903,0.9030754892823858,0.5983328187712257,0.7197771587743732,0.32531781387569747,0.4367095508866583,0.31746772627140907,0.7443747581473252,0.538836133430728,0.6099293268416457
154,Race_5.0_x_Race_nan,train_metrics,logistic_regression,AST,0.4539788514973757,0.48103313956972493,0.6195585057116394,0.5415781128765643,0.35614797064549947,0.3670886075949367,0.36153553781832004,0.3848310855922019,0.22244519913553565,0.28192712154561017,0.5500209878270603,0.6068230935473912,0.5770275229357797,0.4430082959086217,0.4539788514973757,0.44051707379406857,0.4430082959086217,0.4539788514973757,0.44051707379406857
155,Race_5.0_x_Race_nan,test_metrics,logistic_regression,AST,0.538836133430728,0.08704061895551257,0.5921052631578947,0.15177065767284992,0.16581892166836215,0.3221343873517787,0.21893888515782403,0.14533622559652928,0.23426573426573427,0.17938420348058903,0.9030754892823858,0.5983328187712257,0.7197771587743732,0.32531781387569747,0.4367095508866583,0.31746772627140907,0.7443747581473252,0.538836133430728,0.6099293268416457
